Id,Nome,Data nascimento,Sexo,Telefone,Email,Endereço,
1,Bianca,21/05/2010,F,(19) 98888-1001,bianca@email.com,Rua das Flores, 60,
2,Helena,03/02/2010,F,(19) 97777-1001,helena@email.com,Rua das Palmeiras, 120,
3,Marina,22/01/2026,F,(19) 96666-1001,marina@email.com,Av. Brasil, 250,
4,Isabela,14/08/2009,F,(19) 95555-1001,isabela@email.com,Rua Central, 50,
5,Sofia,16/06/2026,F,(19) 94444-1001,sofia@email.com,Rua do Sol, 40,
6,Livia,01/07/2010,F,(19) 93333-1001,livia@email.com,Rua Uruguai, 30,
7,Gustavo,23/03/2010,M,(19) 92222-1001,gustavo@email.com,Av. Bernardino, 60,
8,Nicollas,30/07/2011,M,(44) 91111-1001,nicollas@email.com,Rua Azul, 90,
9,Laura,24/08/2015,F,(44) 90000-1001,laura@email.com,Rua das Rosas, 30,
